TransactionID,Item1,Item2,Item3,Item4,Item5,Item6,Item7,Item8,Item9,Item10,Item11
1,Bread,Cheese,Eggs,Juice,Butter,,,,,,
2,Bread,Juice,Eggs,Cheese,Milk,Jam,Apples,Bananas,Chicken,Butter,
3,Juice,Butter,Apples,Bread,Jam,,,,,,
4,Bananas,Jam,Butter,Juice,Eggs,Bread,Cheese,Apples,Milk,Chicken,
5,Cheese,,,,,,,,,,
6,Bread,Butter,,,,,,,,,
7,Cheese,Jam,,,,,,,,,
8,Bananas,Eggs,Cheese,Jam,Milk,Chicken,Apples,Juice,Bread,Butter,
9,Jam,Butter,Apples,Juice,Eggs,Chicken,Bread,Cheese,Milk,Bananas,
10,Milk,Cheese,Bread,Chicken,Bananas,Eggs,Apples,Butter,Juice,Jam,
11,Jam,Apples,Bananas,Eggs,Chicken,Juice,Bread,Milk,Butter,,
12,Butter,Cheese,,,,,,,,,
13,Juice,Jam,Bananas,Bread,Chicken,Milk,Apples,Cheese,Eggs,Butter,
14,Butter,Cheese,Apples,Juice,,,,,,,
15,Chicken,Jam,Bread,Milk,Apples,Bananas,Eggs,,,,
16,Cheese,,,,,,,,,,
17,Cheese,Bread,Eggs,,,,,,,,
18,Bread,Chicken,Jam,Apples,Cheese,Bananas,,,,,
19,Bananas,Butter,Milk,Bread,Juice,Chicken,Eggs,,,,
20,Milk,Butter,Apples,Bananas,Juice,Chicken,Jam,Bread,Cheese,Eggs,
21,Cheese,Bread,Milk,Chicken,Butter,Juice,Apples,Bananas,Eggs,Jam,
22,Eggs,Cheese,,,,,,,,,
23,Apples,Chicken,Butter,Cheese,Jam,Milk,Bread,Bananas,Eggs,,
24,Apples,Juice,Bananas,Cheese,Eggs,Butter,,,,,
25,Butter,Cheese,Eggs,Bananas,Chicken,,,,,,
26,Jam,Eggs,Apples,,,,,,,,
27,Apples,,,,,,,,,,
28,Chicken,Apples,Juice,Butter,Bread,,,,,,
29,Cheese,Jam,Apples,Chicken,Bananas,,,,,,
30,Eggs,Cheese,Apples,Jam,Butter,Juice,Bread,Bananas,Milk,Chicken,
31,Bread,Apples,Chicken,Cheese,Bananas,Juice,,,,,
32,Jam,Juice,Milk,Butter,Bananas,Apples,Eggs,,,,
33,Milk,Jam,Cheese,Eggs,Butter,,,,,,
34,Milk,Apples,,,,,,,,,
35,Milk,Apples,Bread,Juice,Cheese,Butter,Bananas,Eggs,Jam,Chicken,
36,Chicken,Butter,Jam,Juice,,,,,,,
37,Apples,Juice,Jam,Chicken,Cheese,Bananas,Eggs,,,,
38,Eggs,Bananas,Juice,Apples,Jam,Cheese,Bread,Chicken,,,
39,Cheese,Eggs,Jam,Juice,,,,,,,
40,Butter,Juice,Cheese,Milk,Eggs,Bananas,Chicken,,,,
41,Eggs,Butter,Cheese,Bread,Chicken,Juice,Milk,Bananas,Jam,Apples,
42,Bread,Milk,Jam,Juice,Cheese,,,,,,
43,Bread,Apples,Butter,Bananas,Cheese,Chicken,Jam,Milk,Juice,Eggs,
44,Eggs,Milk,Jam,Chicken,Butter,Apples,Cheese,Bananas,Juice,Bread,
45,Bread,Cheese,Chicken,Bananas,Jam,Milk,Eggs,,,,
46,Apples,Chicken,Butter,Milk,Eggs,Cheese,Bananas,Bread,,,
47,Apples,Jam,Cheese,Milk,Chicken,Juice,,,,,
48,Bread,Butter,Jam,,,,,,,,
49,Jam,Chicken,Juice,Butter,Milk,Bread,Apples,Cheese,,,
50,Bananas,Bread,Cheese,Juice,Apples,Chicken,Eggs,Jam,Butter,,
51,Butter,Apples,Bananas,Juice,Milk,,,,,,
52,Juice,Butter,Eggs,Bread,Apples,Jam,,,,,
53,Jam,Juice,Chicken,Milk,Bananas,,,,,,
54,Bananas,Apples,Eggs,Cheese,Bread,Chicken,Juice,,,,
55,Eggs,Juice,Bread,Cheese,Jam,Milk,Butter,,,,
56,Milk,Juice,Chicken,Eggs,Butter,Cheese,Bananas,Apples,Jam,Bread,
57,Bananas,Chicken,Juice,Butter,Eggs,Bread,Cheese,Apples,Jam,Milk,
58,Apples,Bread,,,,,,,,,
59,Cheese,Apples,Butter,Eggs,Chicken,,,,,,
60,Bananas,Milk,Jam,Chicken,Apples,Eggs,Juice,Bread,Cheese,Butter,
61,Jam,Butter,Chicken,Bananas,Juice,Cheese,Apples,Milk,,,
62,Eggs,,,,,,,,,,
63,Milk,Cheese,Bread,Jam,Apples,Chicken,Eggs,Butter,Bananas,Juice,
64,Bread,Chicken,Bananas,Eggs,Butter,Juice,Cheese,Milk,Jam,,
65,Eggs,,,,,,,,,,
66,Jam,Bread,Apples,Bananas,Chicken,Juice,,,,,
67,Cheese,Bananas,Apples,,,,,,,,
68,Jam,,,,,,,,,,
69,Jam,Chicken,Eggs,Butter,Bread,,,,,,
70,Apples,Cheese,Jam,Juice,Bread,Eggs,Butter,,,,
71,Cheese,Eggs,Juice,Milk,Bananas,Apples,Butter,,,,
72,Bread,Juice,Milk,Cheese,Chicken,Jam,Bananas,Apples,Eggs,Butter,
73,Jam,,,,,,,,,,
74,Cheese,Butter,Milk,Apples,Juice,Chicken,Jam,,,,
75,Cheese,Eggs,Butter,Chicken,Apples,Milk,Bananas,Bread,,,
76,Apples,Cheese,Jam,Eggs,Milk,Bread,Butter,,,,
77,Cheese,Juice,Bread,Apples,Milk,,,,,,
78,Eggs,Bread,Juice,Jam,Bananas,Milk,Apples,,,,
79,Apples,Butter,Chicken,Bananas,Eggs,Bread,,,,,
80,Cheese,Milk,Juice,Butter,Bananas,Apples,Eggs,,,,
81,Apples,Eggs,,,,,,,,,
82,Chicken,Bananas,Bread,Eggs,,,,,,,
83,Juice,Butter,Bananas,Milk,Cheese,Eggs,Jam,Bread,,,
84,Eggs,Bread,Cheese,Chicken,Juice,Apples,Milk,,,,
85,Milk,Cheese,Jam,Chicken,Bread,Apples,Butter,Juice,Bananas,Eggs,
86,Apples,Juice,Jam,Bread,Cheese,Butter,,,,,
87,Jam,Apples,Bread,Butter,Cheese,,,,,,
88,Milk,Chicken,Cheese,Apples,Juice,Bananas,Jam,,,,
89,Bananas,Chicken,Jam,Eggs,Bread,Milk,Juice,Butter,Apples,Cheese,
90,Jam,Cheese,Eggs,,,,,,,,
91,Bread,Bananas,Juice,,,,,,,,
92,Jam,Eggs,Butter,Apples,Milk,Bread,Juice,Chicken,Cheese,Bananas,
93,Butter,Bananas,Eggs,Jam,Bread,Milk,Chicken,Apples,,,
94,Bread,Cheese,Apples,Eggs,Bananas,Chicken,Butter,,,,
95,Eggs,Chicken,Bread,Bananas,Milk,Butter,,,,,
96,Chicken,Juice,Jam,Apples,Butter,Bananas,Eggs,,,,
97,Apples,Milk,Bread,Butter,Cheese,Chicken,,,,,
98,Jam,Apples,Cheese,Eggs,Bread,Juice,Chicken,Bananas,Butter,Milk,
99,Apples,Butter,Bananas,Jam,Cheese,Juice,Chicken,Eggs,Bread,,
100,Bread,Butter,Eggs,Cheese,Juice,Milk,Bananas,Chicken,Apples,Jam,
101,Butter,Jam,,,,,,,,,
102,Milk,Bread,Cheese,Eggs,Chicken,Butter,Juice,Apples,,,
103,Juice,Bananas,Jam,Butter,Bread,,,,,,
104,Bananas,Cheese,Chicken,,,,,,,,
105,Chicken,Eggs,Cheese,Bread,Butter,Juice,Milk,,,,
106,Milk,Eggs,Bananas,,,,,,,,
107,Eggs,Bread,Cheese,Milk,Juice,Chicken,Jam,,,,
108,Eggs,Milk,Chicken,Juice,Apples,Cheese,Jam,,,,
109,Juice,Milk,Jam,Cheese,Bananas,Eggs,Butter,Bread,,,
110,Bananas,,,,,,,,,,
111,Cheese,Butter,Juice,Eggs,Bread,Chicken,Apples,Bananas,,,
112,Apples,Juice,Jam,Butter,Eggs,Cheese,Bread,Chicken,Bananas,,
113,Butter,Bread,Juice,Apples,Bananas,Milk,Chicken,,,,
114,Juice,Butter,Bananas,Chicken,Jam,Cheese,Milk,,,,
115,Jam,,,,,,,,,,
116,Juice,Bananas,Chicken,Bread,Apples,,,,,,
117,Cheese,Chicken,Eggs,Milk,Juice,Apples,Butter,Jam,,,
118,Butter,Eggs,Juice,Bananas,Jam,Apples,,,,,
119,Butter,Bananas,Eggs,Apples,Juice,Bread,Chicken,Jam,,,
120,Milk,Butter,Chicken,Apples,Jam,Bread,Eggs,,,,
121,Milk,Chicken,Eggs,Juice,Bananas,Butter,Bread,Jam,Cheese,,
122,Milk,,,,,,,,,,
123,Chicken,Cheese,Bananas,Juice,Apples,,,,,,
124,Bananas,,,,,,,,,,
125,Chicken,Milk,Jam,Apples,Juice,Bananas,Eggs,,,,
126,Cheese,Juice,Jam,Apples,Chicken,Butter,Bread,Bananas,Eggs,Milk,
127,Butter,Bread,Apples,Milk,Cheese,Juice,Eggs,Jam,Chicken,Bananas,
128,Milk,Juice,Chicken,Jam,Bananas,Butter,Eggs,Bread,Apples,,
129,Butter,Cheese,,,,,,,,,
130,Milk,Bananas,Jam,Chicken,Bread,Butter,Eggs,,,,
131,Jam,Eggs,Milk,Cheese,Chicken,Bread,Bananas,Butter,Apples,Juice,
132,Bread,Bananas,,,,,,,,,
133,Juice,,,,,,,,,,
134,Chicken,Bananas,Cheese,Milk,Bread,Eggs,Butter,Juice,Apples,,
135,Cheese,Apples,Chicken,Bread,Juice,,,,,,
136,Cheese,Milk,Juice,Chicken,Jam,Butter,Eggs,Bananas,Apples,,
137,Bananas,,,,,,,,,,
138,Jam,Bananas,Apples,Cheese,Milk,Chicken,Bread,Eggs,Butter,Juice,
139,Butter,Apples,Cheese,,,,,,,,
140,Jam,Bread,Apples,Eggs,Butter,Bananas,Milk,Juice,Chicken,Cheese,
141,Jam,Milk,Cheese,Eggs,Butter,,,,,,
142,Cheese,Eggs,Apples,Milk,Jam,Juice,Bread,Bananas,Chicken,Butter,
143,Jam,Butter,Cheese,Juice,Bread,Bananas,Eggs,,,,
144,Eggs,Bananas,Apples,Bread,,,,,,,
145,Bananas,Butter,Chicken,Juice,,,,,,,
146,Chicken,Cheese,Bread,Milk,,,,,,,
147,Milk,Jam,Bananas,Apples,Chicken,,,,,,
148,Bananas,,,,,,,,,,
149,Eggs,Milk,,,,,,,,,
150,Bread,Juice,Butter,Milk,Eggs,Cheese,Jam,Apples,Chicken,Bananas,
151,Jam,Cheese,Eggs,Bananas,Apples,Butter,Bread,Juice,,,
152,Butter,Eggs,Apples,Juice,Bananas,Chicken,,,,,
153,Chicken,Milk,Juice,Jam,Bananas,Eggs,Butter,Bread,,,
154,Jam,Milk,Bread,Butter,Cheese,Bananas,Eggs,,,,
155,Eggs,,,,,,,,,,
156,Butter,Milk,Eggs,Cheese,Bread,Juice,Bananas,Apples,Chicken,Jam,
157,Milk,Apples,,,,,,,,,
158,Chicken,Juice,Jam,,,,,,,,
159,Apples,Cheese,Eggs,,,,,,,,
160,Milk,Butter,Chicken,Eggs,Cheese,Bread,Jam,,,,
161,Bread,Apples,Cheese,Bananas,Milk,Eggs,Juice,Butter,Jam,,
162,Milk,Eggs,Juice,Cheese,Butter,Chicken,,,,,
163,Butter,Bread,Milk,Cheese,Jam,Apples,Chicken,Juice,,,
164,Butter,Bread,Apples,Juice,Chicken,Jam,,,,,
165,Cheese,Bread,Juice,Chicken,Butter,Jam,Apples,Bananas,,,
166,Bananas,Chicken,Apples,Bread,Juice,Eggs,Butter,,,,
167,Bananas,Bread,Juice,,,,,,,,
168,Eggs,Cheese,Apples,Juice,Milk,Jam,Butter,Bananas,Chicken,Bread,
169,Jam,Cheese,Eggs,Butter,Milk,Juice,,,,,
170,Apples,Jam,Bread,Juice,Eggs,Milk,Butter,,,,
171,Bread,Apples,Milk,Jam,,,,,,,
172,Butter,Cheese,Chicken,,,,,,,,
173,Eggs,Bananas,Butter,Juice,Milk,Chicken,Bread,Jam,,,
174,Jam,Milk,Bananas,Eggs,Juice,Butter,Apples,Bread,Cheese,Chicken,
175,Butter,Cheese,Juice,Apples,Jam,Eggs,Chicken,Bananas,Milk,,
176,Apples,Bread,Milk,,,,,,,,
177,Apples,Bananas,Butter,,,,,,,,
178,Bananas,Eggs,Apples,Juice,Butter,Bread,Chicken,,,,
179,Bread,Chicken,Apples,Juice,Jam,,,,,,
180,Milk,Chicken,Eggs,Jam,Apples,Juice,Butter,Bananas,Cheese,Bread,
181,Butter,,,,,,,,,,
182,Jam,Milk,Apples,Butter,Cheese,,,,,,
183,Juice,Apples,Jam,Bananas,Milk,Chicken,Eggs,Butter,,,
184,Apples,Butter,Jam,Bananas,,,,,,,
185,Butter,Eggs,Bread,Apples,Milk,Chicken,Juice,Cheese,Jam,Bananas,
186,Cheese,Bananas,Bread,Eggs,,,,,,,
187,Butter,Bread,Eggs,Bananas,Apples,Juice,Jam,Cheese,Chicken,,
188,Butter,Eggs,Cheese,Chicken,Bananas,Jam,Apples,Bread,Juice,Milk,
189,Cheese,Jam,Bread,Juice,Eggs,Chicken,Butter,Apples,Bananas,,
190,Bananas,Jam,Bread,Chicken,Juice,,,,,,
191,Chicken,Cheese,Bread,Juice,Milk,,,,,,
192,Apples,Cheese,Milk,Jam,Butter,Bread,,,,,
193,Eggs,Bread,Chicken,Juice,Cheese,Bananas,Jam,,,,
194,Apples,,,,,,,,,,
195,Bread,Eggs,Jam,Chicken,Cheese,Apples,Bananas,Milk,Butter,Juice,
196,Jam,Juice,Bread,Butter,,,,,,,
197,Milk,Apples,Chicken,Bananas,Eggs,Cheese,Jam,Juice,,,
198,Chicken,,,,,,,,,,
199,Eggs,Milk,Juice,,,,,,,,
200,Juice,Chicken,Cheese,Eggs,Butter,Bread,Apples,,,,
201,Juice,Butter,Bread,,,,,,,,
202,Chicken,Milk,Cheese,,,,,,,,
203,Butter,Apples,Eggs,Bananas,Juice,,,,,,
204,Cheese,Eggs,Bread,Bananas,,,,,,,
205,Eggs,Bread,Apples,Butter,Bananas,Juice,Jam,,,,
206,Chicken,Bread,Milk,Apples,,,,,,,
207,Juice,Bananas,Chicken,,,,,,,,
208,Jam,Eggs,Bread,Butter,Chicken,Cheese,Apples,Milk,Juice,Bananas,
209,Bananas,Jam,Milk,Chicken,Bread,Eggs,Juice,Cheese,Butter,Apples,
210,Juice,Milk,,,,,,,,,
211,Cheese,Jam,Bananas,Bread,Juice,Milk,Butter,Apples,Chicken,Eggs,
212,Juice,Bananas,Butter,Bread,Eggs,,,,,,
213,Chicken,Butter,Jam,Cheese,Bread,Apples,Bananas,Eggs,,,
214,Bread,Juice,,,,,,,,,
215,Eggs,Juice,Chicken,Butter,Cheese,Bananas,Apples,Bread,Milk,Jam,
216,Apples,Butter,Eggs,,,,,,,,
217,Cheese,Bread,Butter,Milk,Apples,,,,,,
218,Juice,Bread,Jam,Butter,Cheese,Chicken,Eggs,,,,
219,Chicken,Juice,Milk,Eggs,Butter,Cheese,Jam,Bananas,Bread,,
220,Bread,Milk,Chicken,Apples,Butter,,,,,,
221,Eggs,Apples,Bananas,Butter,Juice,Cheese,Jam,Milk,Bread,Chicken,
222,Milk,Bananas,,,,,,,,,
223,Apples,Bananas,Juice,Cheese,Jam,Butter,Bread,Eggs,Milk,Chicken,
224,Juice,,,,,,,,,,
225,Eggs,Apples,Bread,Butter,Bananas,Juice,Cheese,Jam,Milk,,
226,Bread,Chicken,Cheese,Juice,Eggs,Apples,Jam,Bananas,Milk,Butter,
227,Bananas,Apples,,,,,,,,,
228,Jam,Chicken,Bananas,Eggs,Butter,Milk,Bread,Apples,Cheese,Juice,
229,Cheese,Jam,Chicken,Bread,Apples,Milk,Butter,Juice,Eggs,Bananas,
230,Eggs,Butter,Juice,Jam,,,,,,,
231,Jam,Apples,Bread,Eggs,Juice,Chicken,Bananas,Milk,Butter,Cheese,
232,Eggs,Jam,Bananas,Bread,Juice,Apples,Milk,Chicken,Butter,Cheese,
233,Milk,Bananas,Jam,,,,,,,,
234,Apples,Eggs,,,,,,,,,
235,Bananas,Eggs,Cheese,Apples,Milk,Jam,Juice,Bread,Chicken,Butter,
236,Jam,Bananas,Cheese,Milk,,,,,,,
237,Juice,Apples,,,,,,,,,
238,Milk,Butter,Cheese,Apples,Bananas,Jam,Eggs,Chicken,Bread,,
239,Bananas,,,,,,,,,,
240,Butter,Chicken,Bananas,Milk,Cheese,Eggs,Bread,Juice,Jam,Apples,
241,Bread,Jam,Eggs,Juice,Chicken,Milk,Cheese,Apples,,,
242,Bread,Juice,Cheese,Jam,Eggs,Butter,Milk,,,,
243,Juice,Butter,Cheese,Milk,Jam,Eggs,Apples,Chicken,Bananas,Bread,
244,Eggs,Chicken,Milk,,,,,,,,
245,Butter,Eggs,Apples,Juice,Cheese,Chicken,,,,,
246,Bread,Eggs,Cheese,,,,,,,,
247,Butter,Juice,Chicken,Eggs,Apples,Bread,Cheese,Bananas,Jam,Milk,
248,Cheese,Jam,Milk,Juice,Butter,,,,,,
249,Bread,Jam,Butter,Cheese,Juice,Milk,,,,,
250,Juice,Apples,Butter,Milk,Eggs,Chicken,,,,,
251,Bananas,,,,,,,,,,
252,Apples,Bread,,,,,,,,,
253,Jam,,,,,,,,,,
254,Jam,Bananas,Chicken,Bread,,,,,,,
255,Butter,Apples,Jam,,,,,,,,
256,Cheese,Juice,Butter,Apples,Bananas,Bread,,,,,
257,Cheese,Eggs,Bread,Juice,Bananas,Milk,,,,,
258,Cheese,Apples,Bananas,Jam,Milk,,,,,,
259,Butter,Milk,Juice,Bananas,Jam,Eggs,Cheese,Bread,Apples,Chicken,
260,Jam,Milk,Apples,Butter,Eggs,Bananas,,,,,
261,Juice,Butter,Cheese,Jam,Bread,Eggs,Apples,Bananas,Chicken,,
262,Apples,Jam,Eggs,Bread,Cheese,Bananas,Butter,Juice,Milk,Chicken,
263,Jam,Bread,Juice,Butter,Apples,Milk,Eggs,,,,
264,Eggs,Apples,Butter,Jam,Chicken,Cheese,Bread,Bananas,Juice,,
265,Eggs,Cheese,Chicken,Bread,,,,,,,
266,Chicken,Eggs,Jam,Butter,Bananas,Cheese,Bread,Milk,Apples,Juice,
267,Butter,Chicken,Bananas,Apples,,,,,,,
268,Juice,Eggs,Bananas,Apples,Cheese,Jam,Bread,Chicken,Butter,Milk,
269,Apples,Chicken,,,,,,,,,
270,Eggs,Bread,Jam,Juice,Bananas,Cheese,Chicken,Butter,,,
271,Cheese,Chicken,Apples,Eggs,Bread,Butter,,,,,
272,Bananas,Jam,Milk,Cheese,Bread,Butter,Eggs,Juice,Chicken,Apples,
273,Cheese,Chicken,Apples,Juice,Bread,Butter,,,,,
274,Eggs,Jam,Bread,Bananas,Milk,Chicken,Apples,,,,
275,Chicken,Juice,Milk,Apples,Bananas,Jam,Bread,Eggs,Butter,Cheese,
276,Butter,Milk,Bananas,,,,,,,,
277,Eggs,Chicken,Juice,Milk,Bread,Jam,Butter,Cheese,Apples,Bananas,
278,Eggs,Bread,Bananas,Juice,Milk,Jam,Butter,Cheese,Chicken,,
279,Butter,Chicken,Cheese,Jam,,,,,,,
280,Eggs,Bread,Chicken,Milk,Bananas,Cheese,Butter,,,,
281,Bread,Butter,Bananas,Eggs,Milk,Apples,Chicken,Juice,Cheese,Jam,
282,Cheese,Chicken,Bread,Eggs,Milk,Apples,Jam,Juice,Butter,Bananas,
283,Bread,Bananas,Chicken,Butter,Eggs,Apples,Milk,Cheese,Juice,,
284,Jam,Bread,Milk,Chicken,Bananas,Eggs,Juice,Apples,Butter,,
285,Bananas,,,,,,,,,,
286,Butter,Apples,Cheese,Bananas,Eggs,Milk,Jam,Chicken,,,
287,Apples,,,,,,,,,,
288,Apples,Cheese,Bananas,Bread,Chicken,Juice,,,,,
289,Jam,Butter,Chicken,Apples,Bread,Bananas,,,,,
290,Jam,Eggs,Juice,Apples,,,,,,,
291,Bananas,Bread,Juice,Jam,Butter,,,,,,
292,Cheese,Apples,Eggs,Butter,,,,,,,
293,Cheese,Jam,Milk,Eggs,Bread,Bananas,Juice,Apples,,,
294,Butter,Apples,,,,,,,,,
295,Butter,Bananas,Chicken,Milk,Eggs,Bread,Juice,Apples,Cheese,Jam,
296,Cheese,Eggs,Jam,Milk,Apples,Butter,,,,,
297,Juice,Bread,Jam,Butter,Apples,Eggs,Milk,,,,
298,Apples,Butter,Jam,Cheese,Chicken,Bread,Juice,,,,
299,Jam,Bananas,,,,,,,,,
300,Juice,Chicken,Milk,Cheese,Eggs,Bananas,,,,,
301,Butter,Bananas,Eggs,,,,,,,,
302,Butter,,,,,,,,,,
303,Butter,Apples,,,,,,,,,
304,Bananas,Cheese,Eggs,Bread,Milk,Butter,Chicken,Apples,,,
305,Eggs,Juice,Bread,Chicken,Butter,Bananas,,,,,
306,Eggs,Apples,Juice,Bread,Milk,Chicken,Bananas,Cheese,,,
307,Apples,Juice,Jam,,,,,,,,
308,Milk,Eggs,,,,,,,,,
309,Milk,Juice,Cheese,,,,,,,,
310,Butter,Apples,Bananas,Jam,Milk,Cheese,Chicken,Juice,Bread,Eggs,
311,Cheese,Jam,Butter,Milk,Eggs,Chicken,Bananas,Apples,Juice,Bread,
312,Eggs,Apples,Juice,,,,,,,,
313,Bananas,Milk,Apples,Juice,Cheese,Jam,,,,,
314,Butter,Milk,Chicken,,,,,,,,
315,Chicken,Milk,Jam,,,,,,,,
316,Chicken,Bread,Butter,,,,,,,,
317,Juice,Apples,Chicken,Milk,Eggs,Butter,Bread,Cheese,Jam,Bananas,
318,Apples,,,,,,,,,,
319,Milk,Bread,Butter,Apples,Bananas,Eggs,,,,,
320,Eggs,,,,,,,,,,
321,Apples,Butter,,,,,,,,,
322,Milk,Bread,Chicken,Eggs,Jam,Juice,,,,,
323,Juice,,,,,,,,,,
324,Bread,Butter,Milk,Jam,Eggs,Apples,Chicken,Juice,Cheese,,
325,Bread,Juice,Milk,,,,,,,,
326,Jam,Apples,Milk,Cheese,Bread,Juice,Chicken,Bananas,Butter,,
327,Chicken,Bananas,Milk,Butter,Bread,Jam,Juice,Cheese,Apples,Eggs,
328,Bananas,,,,,,,,,,
329,Bread,Apples,Eggs,Cheese,Chicken,,,,,,
330,Bananas,Butter,Apples,Milk,Juice,Jam,Cheese,,,,
331,Apples,Cheese,Bananas,Jam,Butter,Chicken,Juice,Bread,Eggs,Milk,
332,Jam,,,,,,,,,,
333,Jam,Butter,,,,,,,,,
334,Milk,Chicken,Juice,Bananas,,,,,,,
335,Apples,Chicken,Milk,Juice,Bananas,Jam,Cheese,Butter,Eggs,,
336,Bananas,Eggs,Juice,Butter,,,,,,,
337,Juice,Eggs,Apples,Chicken,Bananas,Milk,Cheese,Jam,Butter,,
338,Milk,Bananas,Cheese,Juice,Butter,,,,,,
339,Eggs,Apples,Butter,Chicken,Bananas,Juice,Bread,,,,
340,Eggs,Milk,,,,,,,,,
341,Jam,,,,,,,,,,
342,Apples,Jam,Chicken,Bananas,Bread,Eggs,Juice,Butter,Cheese,Milk,
343,Bananas,Butter,,,,,,,,,
344,Cheese,Milk,Butter,Juice,Eggs,Bananas,Chicken,Bread,Apples,Jam,
345,Milk,Bananas,Apples,,,,,,,,
346,Bananas,Apples,Chicken,Jam,Cheese,Eggs,Juice,Butter,Milk,,
347,Cheese,Butter,,,,,,,,,
348,Butter,,,,,,,,,,
349,Chicken,Jam,Apples,,,,,,,,
350,Chicken,Juice,Bread,Jam,Butter,Milk,,,,,
351,Apples,Chicken,Cheese,Milk,Eggs,Bananas,,,,,
352,Bread,Bananas,Butter,Juice,Chicken,Apples,Eggs,Cheese,,,
353,Chicken,Juice,Bananas,Bread,Butter,,,,,,
354,Bread,Butter,Eggs,Milk,Apples,Bananas,Juice,Jam,Chicken,,
355,Chicken,Bread,Bananas,Jam,Eggs,Apples,Butter,Cheese,,,
356,Chicken,Juice,Bread,Bananas,Cheese,Apples,Milk,Jam,,,
357,Eggs,Cheese,Milk,Jam,Bread,Butter,,,,,
358,Butter,Eggs,Juice,Milk,Jam,Cheese,Apples,,,,
359,Milk,Eggs,Juice,Cheese,Chicken,Bread,Apples,Butter,,,
360,Milk,Bananas,Apples,Chicken,,,,,,,
361,Apples,Jam,Butter,Bread,Chicken,Milk,Bananas,Cheese,Eggs,,
362,Chicken,Cheese,Eggs,Jam,Bananas,Juice,,,,,
363,Eggs,Chicken,Milk,Bananas,,,,,,,
364,Cheese,Milk,Butter,,,,,,,,
365,Chicken,,,,,,,,,,
366,Apples,Butter,Bread,Cheese,Chicken,Eggs,Milk,Juice,Jam,Bananas,
367,Bread,,,,,,,,,,
368,Cheese,Jam,Bread,Milk,,,,,,,
369,Milk,Bread,Juice,Eggs,,,,,,,
370,Butter,Bread,,,,,,,,,
371,Apples,Juice,Jam,,,,,,,,
372,Eggs,Bread,Cheese,Apples,Juice,Butter,,,,,
373,Jam,Bread,,,,,,,,,
374,Cheese,Chicken,Bread,Jam,Butter,Milk,Apples,Eggs,Juice,Bananas,
375,Eggs,Chicken,Apples,Bananas,Jam,Bread,Juice,Butter,Milk,,
376,Eggs,Apples,Juice,Butter,Bread,Cheese,,,,,
377,Butter,Apples,Bananas,Eggs,,,,,,,
378,Apples,Milk,Eggs,Jam,Bread,Bananas,Juice,Cheese,Chicken,,
379,Eggs,Butter,Bread,Apples,Milk,Cheese,Chicken,Bananas,Jam,,
380,Milk,Apples,Juice,Butter,Bananas,Eggs,Jam,,,,
381,Bananas,Cheese,Apples,Butter,Eggs,Bread,,,,,
382,Apples,Bananas,Bread,,,,,,,,
383,Bananas,Apples,Jam,Bread,Cheese,Chicken,Eggs,,,,
384,Eggs,Milk,Chicken,,,,,,,,
385,Juice,Jam,Chicken,Bread,,,,,,,
386,Chicken,Eggs,Bread,Apples,Milk,Cheese,Jam,Butter,Juice,Bananas,
387,Jam,Bread,Butter,,,,,,,,
388,Bread,Eggs,Milk,Chicken,Cheese,Bananas,Juice,,,,
389,Chicken,Juice,Apples,Bananas,,,,,,,
390,Juice,Chicken,Bananas,Bread,Butter,Eggs,Apples,Cheese,,,
391,Juice,Bananas,Milk,,,,,,,,
392,Jam,Chicken,Bread,Butter,Juice,,,,,,
393,Bread,Juice,Apples,Milk,Jam,Cheese,Chicken,Eggs,Butter,Bananas,
394,Eggs,Chicken,Juice,Jam,Bread,Butter,,,,,
395,Apples,Butter,Bread,Bananas,Cheese,Chicken,Milk,Jam,Juice,,
396,Chicken,Juice,Milk,Bananas,Bread,Apples,Cheese,Eggs,Butter,,
397,Milk,Apples,Bread,Jam,Chicken,Juice,Butter,Cheese,Bananas,,
398,Eggs,Chicken,Jam,,,,,,,,
399,Chicken,,,,,,,,,,
400,Eggs,Juice,Butter,Jam,Bread,,,,,,
401,Chicken,Milk,,,,,,,,,
402,Chicken,Cheese,Jam,Bananas,Milk,Juice,,,,,
403,Milk,Bananas,Butter,Juice,Cheese,Chicken,Jam,Eggs,Bread,,
404,Eggs,Apples,Bread,Chicken,Bananas,Butter,,,,,
405,Bananas,Apples,,,,,,,,,
406,Juice,Milk,Eggs,Cheese,Bananas,Chicken,Butter,Apples,Bread,,
407,Butter,Bananas,Cheese,Chicken,Jam,Juice,Milk,,,,
408,Jam,Apples,,,,,,,,,
409,Milk,Cheese,Bananas,Juice,Chicken,Eggs,Butter,Jam,Apples,Bread,
410,Bananas,Milk,Jam,Apples,Juice,Butter,Chicken,Bread,Cheese,Eggs,
411,Butter,Milk,Bread,Eggs,,,,,,,
412,Bread,Jam,Chicken,Juice,,,,,,,
413,Eggs,Milk,Juice,Butter,,,,,,,
414,Juice,Milk,Bread,Butter,Bananas,Chicken,Eggs,Apples,,,
415,Apples,Bread,Bananas,Milk,,,,,,,
416,Eggs,Cheese,Milk,Butter,Juice,Apples,Chicken,Bananas,Bread,Jam,
417,Cheese,Jam,,,,,,,,,
418,Chicken,Milk,Eggs,Juice,Bread,Apples,Bananas,Butter,Cheese,,
419,Bread,Juice,Chicken,Milk,Butter,Cheese,Apples,Bananas,Jam,,
420,Bananas,Cheese,Apples,Milk,Chicken,,,,,,
421,Butter,Bread,Juice,,,,,,,,
422,Chicken,Cheese,Butter,Apples,,,,,,,
423,Jam,Juice,,,,,,,,,
424,Apples,,,,,,,,,,
425,Jam,Eggs,Chicken,Bread,Milk,,,,,,
426,Jam,Butter,Juice,Apples,Bread,,,,,,
427,Chicken,Butter,Apples,Juice,Milk,Cheese,Bananas,Jam,Eggs,Bread,
428,Bread,Jam,Chicken,Juice,Apples,Butter,Milk,Eggs,Bananas,,
429,Butter,Eggs,Jam,Bread,Apples,Bananas,Chicken,Juice,Cheese,Milk,
430,Milk,Eggs,Butter,Bananas,Chicken,Apples,Cheese,Bread,Juice,Jam,
431,Bread,Cheese,Eggs,Apples,Butter,Chicken,Bananas,,,,
432,Jam,Bread,Milk,Bananas,Juice,,,,,,
433,Cheese,Bread,Juice,Chicken,Butter,Jam,Milk,Eggs,Bananas,Apples,
434,Bread,Apples,Juice,Butter,Milk,Bananas,Eggs,Chicken,Cheese,Jam,
435,Jam,Milk,Cheese,Butter,Chicken,Eggs,Bread,Bananas,Juice,,
436,Chicken,Milk,Bananas,Jam,Eggs,Bread,Juice,Apples,Cheese,Butter,
437,Butter,Cheese,Bananas,Juice,Chicken,Bread,,,,,
438,Jam,Eggs,Chicken,Apples,Bananas,,,,,,
439,Bread,Milk,Chicken,Apples,Cheese,Juice,Eggs,Butter,Jam,,
440,Butter,Chicken,Eggs,Apples,,,,,,,
441,Butter,Bananas,Milk,Chicken,Bread,Cheese,Jam,Eggs,Apples,Juice,
442,Cheese,Chicken,Juice,Jam,Eggs,Milk,Bread,Bananas,,,
443,Cheese,Milk,Apples,Eggs,Chicken,,,,,,
444,Juice,Apples,Jam,Bananas,Eggs,Bread,Chicken,Butter,,,
445,Butter,Eggs,Cheese,Apples,Juice,Bananas,Milk,Chicken,Bread,Jam,
446,Juice,Butter,Milk,Bananas,Bread,Cheese,Eggs,Apples,Jam,,
447,Butter,Eggs,Bread,Milk,Jam,,,,,,
448,Chicken,Cheese,Jam,Apples,Juice,Eggs,Bananas,,,,
449,Cheese,Chicken,Bread,Jam,Apples,Bananas,Milk,Butter,Eggs,,
450,Juice,Chicken,Butter,Apples,Jam,Bread,Milk,Cheese,Eggs,Bananas,
451,Juice,Apples,Chicken,,,,,,,,
452,Bananas,,,,,,,,,,
453,Apples,Cheese,Butter,Bread,Juice,Jam,Chicken,Eggs,Bananas,,
454,Eggs,Jam,Butter,Milk,Chicken,Cheese,Bananas,Juice,,,
455,Cheese,Apples,Eggs,Jam,Chicken,,,,,,
456,Milk,Bananas,Cheese,Juice,,,,,,,
457,Eggs,Butter,,,,,,,,,
458,Cheese,Apples,Jam,Milk,Bread,Eggs,Butter,Juice,Bananas,Chicken,
459,Chicken,Jam,Butter,Milk,Apples,Bananas,Cheese,Eggs,Juice,Bread,
460,Apples,Butter,Jam,,,,,,,,
461,Jam,Eggs,Cheese,Chicken,Bananas,Butter,,,,,
462,Jam,Bread,Juice,Butter,Bananas,Apples,Chicken,Milk,Eggs,Cheese,
463,Bananas,Apples,Juice,,,,,,,,
464,Butter,Juice,Chicken,Eggs,Cheese,Milk,Apples,Jam,Bread,,
465,Chicken,Bananas,Cheese,Eggs,Juice,Jam,Butter,Bread,Milk,Apples,
466,Bread,Bananas,Cheese,Chicken,,,,,,,
467,Cheese,Jam,Milk,Chicken,Bread,Butter,Juice,Bananas,,,
468,Apples,,,,,,,,,,
469,Jam,Juice,Bread,,,,,,,,
470,Cheese,Bread,,,,,,,,,
471,Milk,Butter,Bread,Chicken,Eggs,Juice,Apples,Cheese,Bananas,Jam,
472,Bananas,,,,,,,,,,
473,Eggs,Bananas,Milk,Bread,Butter,Juice,Chicken,Apples,Cheese,,
474,Apples,Cheese,Bread,Bananas,Chicken,Milk,Eggs,,,,
475,Butter,Bread,Bananas,Cheese,Juice,,,,,,
476,Jam,Apples,,,,,,,,,
477,Jam,Bread,Bananas,Butter,Chicken,Eggs,Milk,,,,
478,Cheese,Bananas,Butter,Chicken,Jam,Milk,Bread,,,,
479,Butter,Apples,Bread,Juice,,,,,,,
480,Apples,Juice,Bread,Butter,Jam,,,,,,
481,Apples,Bread,Bananas,Cheese,Butter,,,,,,
482,Chicken,Bread,,,,,,,,,
483,Apples,Chicken,,,,,,,,,
484,Cheese,,,,,,,,,,
485,Milk,Apples,,,,,,,,,
486,Juice,Eggs,Butter,Chicken,Cheese,Milk,Bananas,Bread,Jam,Apples,
487,Juice,Butter,Chicken,Bread,Milk,Eggs,Apples,Bananas,Cheese,,
488,Bananas,Apples,Bread,Milk,Butter,Cheese,,,,,
489,Butter,Apples,Chicken,Milk,Bread,,,,,,
490,Bread,Butter,Jam,Eggs,Bananas,Apples,Chicken,Milk,,,
491,Bananas,Juice,Cheese,Eggs,Chicken,Jam,Bread,Milk,,,
492,Butter,Apples,Cheese,Jam,Bread,Milk,Bananas,,,,
493,Eggs,Bananas,Apples,Juice,Jam,Cheese,Milk,Chicken,Bread,,
494,Bananas,Chicken,Bread,Milk,Apples,,,,,,
495,Milk,Eggs,Cheese,Butter,Juice,Bananas,Apples,Bread,Chicken,,
496,Cheese,Bananas,Apples,Butter,Juice,Bread,Jam,Eggs,Milk,Chicken,
497,Apples,Butter,Cheese,Milk,Jam,Juice,Chicken,Eggs,Bread,Bananas,
498,Milk,,,,,,,,,,
499,Butter,Jam,,,,,,,,,
500,Bread,,,,,,,,,,
501,Chicken,,,,,,,,,,
502,Jam,Eggs,Bread,Chicken,Milk,Bananas,Juice,Butter,Apples,,
503,Chicken,Eggs,Bread,Bananas,Jam,Milk,Juice,,,,
504,Juice,Cheese,,,,,,,,,
505,Juice,Bananas,Chicken,Milk,Eggs,Apples,Jam,Bread,Butter,,
506,Bananas,Juice,Cheese,Eggs,Bread,Jam,,,,,
507,Eggs,Apples,Butter,Bananas,Milk,Jam,Bread,Juice,,,
508,Juice,Apples,Cheese,Milk,Bread,Butter,Chicken,Bananas,Jam,Eggs,
509,Apples,Eggs,,,,,,,,,
510,Bananas,Milk,Bread,Cheese,,,,,,,
511,Bananas,,,,,,,,,,
512,Eggs,Cheese,,,,,,,,,
513,Butter,Bread,Apples,Eggs,Chicken,Bananas,Jam,Milk,Juice,Cheese,
514,Butter,Bananas,Bread,Cheese,Juice,Chicken,,,,,
515,Eggs,Cheese,Apples,Milk,Butter,Jam,Chicken,Bread,,,
516,Eggs,Butter,Bread,Apples,Juice,Cheese,Chicken,Milk,,,
517,Milk,Bananas,Apples,,,,,,,,
518,Jam,,,,,,,,,,
519,Chicken,,,,,,,,,,
520,Chicken,Jam,Bread,Juice,Butter,Cheese,Eggs,Bananas,Milk,,
521,Butter,Juice,Cheese,Eggs,,,,,,,
522,Apples,Jam,Cheese,Chicken,Milk,Eggs,Bread,Butter,Bananas,Juice,
523,Juice,Bananas,Butter,Cheese,Apples,Bread,Eggs,Jam,,,
524,Chicken,Jam,Bread,Bananas,,,,,,,
525,Jam,Chicken,Bananas,Bread,Cheese,,,,,,
526,Bananas,Milk,Eggs,Juice,Jam,Butter,Bread,,,,
527,Cheese,,,,,,,,,,
528,Chicken,Apples,Cheese,Juice,Butter,Milk,Bananas,Jam,Bread,Eggs,
529,Chicken,Jam,Juice,Apples,Bread,Butter,Bananas,,,,
530,Cheese,Juice,Jam,Apples,Chicken,Milk,Bread,Eggs,Bananas,,
531,Butter,Jam,Cheese,Bananas,,,,,,,
532,Apples,Jam,Bananas,Bread,Eggs,Juice,Chicken,Butter,Cheese,,
533,Cheese,,,,,,,,,,
534,Bread,Milk,Cheese,Juice,Bananas,Butter,Apples,Chicken,,,
535,Butter,Bread,Cheese,Juice,Chicken,Eggs,,,,,
536,Juice,Eggs,Apples,Jam,Cheese,,,,,,
537,Bread,,,,,,,,,,
538,Apples,Bananas,Butter,Eggs,Cheese,Jam,Milk,Bread,Juice,Chicken,
539,Eggs,Bread,Juice,Chicken,Butter,Jam,Apples,,,,
540,Eggs,Bread,Jam,Chicken,Milk,Bananas,Juice,Cheese,Butter,,
541,Bread,Chicken,Cheese,Butter,,,,,,,
542,Chicken,Juice,Cheese,,,,,,,,
543,Cheese,Butter,Bread,Bananas,Jam,Chicken,Eggs,Apples,Milk,,
544,Butter,Cheese,Jam,Apples,Chicken,Eggs,,,,,
545,Juice,Milk,Cheese,Eggs,Apples,Chicken,Jam,Bananas,Butter,Bread,
546,Bread,Eggs,Cheese,Juice,Butter,Milk,,,,,
547,Apples,Butter,Juice,,,,,,,,
548,Apples,,,,,,,,,,
549,Juice,Cheese,Chicken,Bananas,Apples,,,,,,
550,Butter,Jam,Eggs,,,,,,,,
551,Chicken,Juice,Bread,,,,,,,,
552,Butter,Cheese,Bread,Eggs,Apples,Jam,Chicken,,,,
553,Apples,Bananas,Eggs,Butter,Juice,Cheese,Chicken,Bread,Milk,Jam,
554,Apples,Eggs,Milk,Bananas,Butter,,,,,,
555,Cheese,Bananas,Bread,Juice,Chicken,Butter,Apples,,,,
556,Bananas,Jam,Milk,,,,,,,,
557,Jam,Apples,Bread,Bananas,Eggs,Juice,,,,,
558,Chicken,Butter,Eggs,Apples,Bananas,Cheese,Jam,Milk,Juice,Bread,
559,Bananas,Cheese,Juice,Butter,Chicken,Milk,Bread,Apples,Eggs,Jam,
560,Bananas,Apples,Butter,Eggs,,,,,,,
561,Milk,Cheese,Juice,Butter,Bananas,Jam,,,,,
562,Jam,Milk,Chicken,Eggs,,,,,,,
563,Bread,Milk,,,,,,,,,
564,Butter,,,,,,,,,,
565,Chicken,Juice,,,,,,,,,
566,Apples,Chicken,Jam,Bananas,Juice,Cheese,Eggs,,,,
567,Jam,Eggs,,,,,,,,,
568,Juice,Bananas,Milk,Bread,Jam,Cheese,Butter,Eggs,,,
569,Bananas,,,,,,,,,,
570,Milk,Bread,Chicken,,,,,,,,
571,Chicken,Apples,Jam,,,,,,,,
572,Jam,Bananas,Apples,Cheese,,,,,,,
573,Jam,Apples,Butter,Milk,Bread,Cheese,,,,,
574,Milk,Eggs,Cheese,Chicken,,,,,,,
575,Chicken,Milk,,,,,,,,,
576,Bread,,,,,,,,,,
577,Milk,Apples,Cheese,Jam,Chicken,Bread,Bananas,Eggs,Butter,Juice,
578,Butter,Apples,Jam,,,,,,,,
579,Cheese,Juice,Apples,Chicken,Milk,Butter,Jam,Bananas,Bread,Eggs,
580,Bananas,Butter,Jam,Apples,Eggs,Chicken,Milk,Cheese,,,
581,Bread,Juice,Apples,Cheese,Butter,,,,,,
582,Bread,Jam,Chicken,Cheese,,,,,,,
583,Bananas,Juice,Bread,Jam,,,,,,,
584,Chicken,Apples,Eggs,,,,,,,,
585,Chicken,Butter,Juice,Bread,Cheese,Apples,Jam,Bananas,Eggs,Milk,
586,Juice,Jam,Butter,Apples,Milk,Chicken,Cheese,Eggs,Bread,Bananas,
587,Eggs,Butter,Chicken,Cheese,Bananas,Milk,Apples,,,,
588,Cheese,Milk,Bread,Chicken,Apples,Juice,Eggs,Jam,Butter,,
589,Butter,,,,,,,,,,
590,Eggs,Butter,Cheese,Bread,Juice,Milk,Bananas,Apples,Chicken,,
591,Apples,Jam,Cheese,Bread,Butter,Chicken,Eggs,Milk,Juice,Bananas,
592,Jam,Butter,Eggs,Bananas,,,,,,,
593,Jam,,,,,,,,,,
594,Juice,Butter,Milk,Apples,Cheese,Jam,,,,,
595,Bread,,,,,,,,,,
596,Chicken,Eggs,Jam,Apples,Juice,Milk,Butter,Bread,,,
597,Apples,Juice,Butter,Eggs,Chicken,,,,,,
598,Bananas,Cheese,Jam,,,,,,,,
599,Milk,Bananas,Apples,,,,,,,,
600,Chicken,Milk,Butter,,,,,,,,
601,Apples,Bananas,Butter,Jam,Chicken,Bread,,,,,
602,Jam,Bread,Bananas,Juice,Apples,Eggs,Chicken,Cheese,,,
603,Cheese,Jam,Butter,Chicken,Juice,Milk,Eggs,Bread,Apples,,
604,Cheese,Apples,Bread,Milk,Jam,Juice,Eggs,,,,
605,Bananas,Butter,Cheese,Apples,,,,,,,
606,Jam,Bread,Chicken,Eggs,Bananas,Apples,Milk,,,,
607,Juice,,,,,,,,,,
608,Butter,,,,,,,,,,
609,Bananas,,,,,,,,,,
610,Bananas,Butter,Juice,Bread,Jam,Apples,Cheese,Milk,,,
611,Juice,Eggs,Chicken,Cheese,Milk,Jam,Bread,Butter,,,
612,Bread,Milk,Juice,Chicken,Eggs,Jam,Apples,,,,
613,Jam,Chicken,Eggs,Apples,Bananas,Milk,,,,,
614,Chicken,Milk,Apples,Eggs,Butter,Cheese,Bananas,Juice,,,
615,Cheese,Bananas,Chicken,Bread,Eggs,Butter,Juice,,,,
616,Chicken,Jam,Bread,Eggs,Butter,Bananas,Juice,Apples,Cheese,Milk,
617,Eggs,Chicken,Apples,Bananas,Juice,Cheese,Butter,Bread,,,
618,Cheese,Apples,Bananas,Eggs,Jam,Chicken,Juice,Milk,Butter,,
619,Milk,Eggs,Jam,,,,,,,,
620,Butter,Bread,Chicken,,,,,,,,
621,Jam,Chicken,Butter,Juice,Cheese,Bananas,Apples,Bread,Milk,Eggs,
622,Milk,Bread,Bananas,Juice,Eggs,Jam,Cheese,,,,
623,Bananas,Cheese,Juice,Chicken,,,,,,,
624,Butter,Chicken,Bananas,Bread,Milk,Apples,Eggs,Juice,,,
625,Milk,Cheese,Chicken,Apples,Bananas,,,,,,
626,Bread,Apples,Cheese,Eggs,Chicken,Butter,,,,,
627,Bread,Milk,Jam,Juice,Butter,Eggs,Bananas,,,,
628,Jam,Chicken,Apples,Bread,Juice,Cheese,,,,,
629,Apples,Bread,,,,,,,,,
630,Apples,Jam,Juice,,,,,,,,
631,Eggs,Jam,,,,,,,,,
632,Bread,Apples,Milk,Juice,Butter,,,,,,
633,Juice,Chicken,Jam,Bread,Apples,Milk,Eggs,Bananas,Butter,Cheese,
634,Eggs,Apples,Butter,Juice,Milk,Bananas,,,,,
635,Juice,Butter,Eggs,Jam,Bread,Cheese,Milk,Chicken,Apples,Bananas,
636,Eggs,Juice,Milk,Apples,,,,,,,
637,Bread,Bananas,Eggs,Butter,Juice,Milk,Chicken,Cheese,Apples,Jam,
638,Jam,Bananas,Milk,Eggs,Apples,Butter,,,,,
639,Butter,Bananas,Jam,Apples,,,,,,,
640,Milk,Juice,Bananas,Bread,Jam,Chicken,Butter,Eggs,Apples,Cheese,
641,Cheese,Eggs,Chicken,Juice,Butter,,,,,,
642,Chicken,Cheese,Milk,Butter,Eggs,Bananas,Apples,Juice,,,
643,Apples,Bananas,Juice,Chicken,Eggs,Butter,Cheese,Jam,,,
644,Bananas,Jam,Apples,Bread,Butter,,,,,,
645,Bread,Butter,Cheese,Milk,Jam,Apples,Juice,Chicken,,,
646,Bread,Juice,Cheese,Butter,Bananas,Chicken,Apples,Milk,Eggs,Jam,
647,Chicken,Jam,Juice,Apples,Butter,Eggs,Bread,Bananas,Milk,,
648,Eggs,Jam,Bread,,,,,,,,
649,Milk,Eggs,Apples,Bananas,Chicken,Jam,Bread,,,,
650,Eggs,Chicken,Milk,Bread,,,,,,,
651,Juice,Butter,Eggs,Chicken,Milk,Apples,Jam,Bread,Bananas,,
652,Bread,Jam,Milk,Eggs,Juice,Butter,Cheese,,,,
653,Jam,Cheese,,,,,,,,,
654,Bread,Apples,,,,,,,,,
655,Jam,Apples,Butter,,,,,,,,
656,Bread,Juice,Jam,,,,,,,,
657,Apples,Juice,Chicken,Jam,Bananas,,,,,,
658,Eggs,Bread,Apples,Bananas,Chicken,Butter,Juice,Cheese,Milk,Jam,
659,Chicken,Cheese,Eggs,Apples,Jam,Bananas,Butter,,,,
660,Bread,Apples,Butter,Cheese,Chicken,Eggs,Jam,Juice,Milk,Bananas,
661,Cheese,Butter,Bananas,Juice,Jam,Chicken,Eggs,Bread,Apples,,
662,Milk,Apples,Bananas,Butter,,,,,,,
663,Bananas,Eggs,,,,,,,,,
664,Bananas,Cheese,Bread,Butter,,,,,,,
665,Eggs,Milk,Bananas,Chicken,Jam,Bread,Cheese,,,,
666,Apples,Bread,Eggs,Juice,Chicken,Jam,Butter,Bananas,,,
667,Juice,Cheese,Bread,Chicken,Bananas,Apples,Butter,,,,
668,Jam,,,,,,,,,,
669,Milk,Juice,Eggs,Butter,Apples,Jam,Bread,Chicken,Cheese,Bananas,
670,Bread,Chicken,Apples,Butter,Jam,Cheese,,,,,
671,Milk,Apples,Juice,Bananas,Eggs,,,,,,
672,Cheese,Milk,Jam,Chicken,Eggs,,,,,,
673,Butter,Jam,Bread,,,,,,,,
674,Apples,Chicken,Cheese,Eggs,Bread,Milk,Jam,Butter,Juice,,
675,Cheese,Apples,Bananas,Juice,Eggs,,,,,,
676,Jam,Juice,Milk,Bread,,,,,,,
677,Chicken,Jam,Butter,Bananas,,,,,,,
678,Eggs,Jam,Cheese,Bananas,Bread,Milk,Chicken,Juice,Apples,Butter,
679,Bananas,Chicken,,,,,,,,,
680,Bread,Chicken,Jam,Eggs,Juice,,,,,,
681,Apples,Eggs,Cheese,Bread,Jam,Butter,Chicken,Milk,,,
682,Chicken,Milk,,,,,,,,,
683,Cheese,Jam,Chicken,Milk,Juice,Bananas,Apples,Butter,,,
684,Milk,Chicken,Cheese,Jam,,,,,,,
685,Bread,Apples,Juice,Butter,Chicken,Eggs,Milk,,,,
686,Chicken,Cheese,Bread,Juice,Butter,,,,,,
687,Chicken,Eggs,Bananas,Cheese,Butter,Jam,Bread,Apples,Juice,Milk,
688,Cheese,Apples,Juice,Chicken,Butter,,,,,,
689,Apples,Juice,Eggs,Butter,Bread,Bananas,Milk,Jam,Cheese,Chicken,
690,Butter,Juice,Bananas,Cheese,Bread,Jam,,,,,
691,Juice,Chicken,Bread,Jam,Bananas,Milk,Butter,Cheese,Apples,Eggs,
692,Eggs,Jam,Cheese,Milk,Bread,Apples,Chicken,,,,
693,Cheese,Bread,Chicken,Apples,Bananas,Butter,Jam,,,,
694,Butter,Jam,,,,,,,,,
695,Bread,Jam,Chicken,Cheese,Eggs,,,,,,
696,Cheese,Apples,Juice,Chicken,Jam,Milk,Butter,Bananas,Bread,Eggs,
697,Butter,Eggs,Bananas,Milk,,,,,,,
698,Eggs,Butter,Milk,Juice,,,,,,,
699,Apples,Chicken,Eggs,Bread,Milk,Juice,Bananas,Jam,Cheese,,
700,Bread,Apples,Jam,Butter,Eggs,,,,,,
701,Bread,Apples,,,,,,,,,
702,Juice,Jam,Milk,Bananas,,,,,,,
703,Chicken,Eggs,,,,,,,,,
704,Milk,Chicken,Juice,Apples,,,,,,,
705,Cheese,Eggs,Butter,Bread,Apples,Chicken,Jam,Bananas,Juice,Milk,
706,Bananas,,,,,,,,,,
707,Chicken,Juice,Eggs,Apples,Jam,Bread,Butter,Milk,,,
708,Jam,Juice,Cheese,,,,,,,,
709,Bread,Chicken,Eggs,Apples,Bananas,Milk,Jam,Juice,,,
710,Juice,Jam,Eggs,Bread,Butter,Milk,Chicken,Bananas,Apples,Cheese,
711,Juice,Eggs,,,,,,,,,
712,Jam,Apples,Eggs,Milk,Cheese,Bread,Chicken,Juice,Bananas,Butter,
713,Juice,Milk,Bread,Butter,Apples,Jam,Chicken,Eggs,,,
714,Milk,Juice,Chicken,Butter,Bread,Eggs,Cheese,Jam,Bananas,Apples,
715,Chicken,Apples,Bread,Jam,,,,,,,
716,Juice,Cheese,Eggs,Chicken,Milk,Bread,Bananas,Jam,,,
717,Cheese,Eggs,Milk,Jam,Bread,,,,,,
718,Juice,,,,,,,,,,
719,Butter,Eggs,,,,,,,,,
720,Jam,Butter,Cheese,,,,,,,,
721,Cheese,Butter,,,,,,,,,
722,Apples,Butter,Milk,Jam,,,,,,,
723,Bread,Jam,Chicken,Butter,Cheese,,,,,,
724,Jam,Cheese,Bananas,,,,,,,,
725,Bread,Butter,Apples,Eggs,Milk,Jam,Bananas,Cheese,Chicken,Juice,
726,Juice,Milk,Apples,Chicken,Eggs,Bread,Bananas,Cheese,,,
727,Bananas,Juice,Chicken,,,,,,,,
728,Jam,Milk,Eggs,Chicken,,,,,,,
729,Milk,Butter,Bread,Cheese,Juice,,,,,,
730,Jam,Bread,Butter,Bananas,Milk,Chicken,Juice,Apples,Eggs,Cheese,
731,Milk,Eggs,Bread,Chicken,Juice,Jam,Apples,Cheese,Bananas,Butter,
732,Bananas,Cheese,,,,,,,,,
733,Apples,Bananas,Jam,Cheese,Butter,Juice,Chicken,Eggs,Bread,,
734,Bread,Apples,Eggs,Cheese,Juice,,,,,,
735,Milk,Apples,Chicken,Juice,,,,,,,
736,Eggs,Apples,Butter,Milk,Chicken,Bread,Jam,Cheese,Juice,Bananas,
737,Butter,,,,,,,,,,
738,Jam,Eggs,Butter,Juice,Apples,Chicken,Bananas,Bread,Cheese,Milk,
739,Bananas,Juice,Cheese,Milk,Apples,Bread,,,,,
740,Bananas,Milk,Juice,Jam,Apples,Bread,Cheese,,,,
741,Chicken,,,,,,,,,,
742,Eggs,Apples,Bread,Butter,Jam,,,,,,
743,Bananas,Butter,Bread,Chicken,,,,,,,
744,Chicken,Bananas,Bread,Juice,Eggs,Milk,Butter,,,,
745,Bananas,Bread,Cheese,Chicken,,,,,,,
746,Bread,Jam,Cheese,Bananas,Butter,Chicken,Eggs,Juice,Milk,Apples,
747,Milk,Butter,Cheese,Chicken,Jam,Bananas,Eggs,Apples,Juice,Bread,
748,Apples,Milk,Bananas,Bread,Juice,,,,,,
749,Cheese,Chicken,Jam,Milk,Bananas,Apples,Juice,,,,
750,Bread,Butter,Jam,Chicken,Apples,Milk,Bananas,Cheese,Juice,Eggs,
751,Bananas,Apples,Butter,Jam,Chicken,Cheese,Milk,,,,
752,Butter,Eggs,Chicken,,,,,,,,
753,Chicken,,,,,,,,,,
754,Chicken,Apples,,,,,,,,,
755,Apples,Bananas,Milk,Chicken,Cheese,Jam,Butter,Juice,Eggs,Bread,
756,Bread,,,,,,,,,,
757,Chicken,Milk,Eggs,Bananas,Apples,Cheese,Jam,Juice,Bread,Butter,
758,Jam,Butter,Milk,Bread,,,,,,,
759,Eggs,Jam,Bread,Bananas,Apples,Milk,Chicken,,,,
760,Bread,,,,,,,,,,
761,Jam,Chicken,Apples,Butter,Bread,Bananas,,,,,
762,Juice,Apples,Bananas,Butter,Cheese,Jam,Eggs,Chicken,,,
763,Milk,,,,,,,,,,
764,Chicken,Apples,Eggs,Milk,Jam,Bananas,,,,,
765,Milk,Bananas,Juice,Jam,Butter,Chicken,Bread,Cheese,Apples,Eggs,
766,Apples,Bananas,Chicken,Milk,Juice,Eggs,Butter,Cheese,Bread,Jam,
767,Eggs,Apples,,,,,,,,,
768,Cheese,Bananas,Apples,Butter,Eggs,Bread,,,,,
769,Chicken,,,,,,,,,,
770,Butter,Milk,Eggs,Juice,Chicken,Cheese,,,,,
771,Jam,Cheese,Bananas,Chicken,,,,,,,
772,Butter,Bananas,Milk,,,,,,,,
773,Eggs,Milk,,,,,,,,,
774,Bread,Apples,Milk,,,,,,,,
775,Butter,Juice,Apples,Jam,Bread,Bananas,,,,,
776,Eggs,Milk,,,,,,,,,
777,Apples,Jam,Bread,Butter,Milk,Juice,Bananas,Cheese,Eggs,Chicken,
778,Eggs,Bananas,Bread,Cheese,Milk,Chicken,Juice,Butter,Apples,Jam,
779,Bananas,Apples,Eggs,Chicken,Bread,Juice,Milk,Jam,Cheese,Butter,
780,Juice,Apples,Milk,Cheese,Butter,Eggs,,,,,
781,Eggs,Chicken,Milk,Butter,Apples,Jam,,,,,
782,Bread,,,,,,,,,,
783,Juice,Chicken,Milk,Apples,Cheese,Bananas,,,,,
784,Bread,Cheese,,,,,,,,,
785,Milk,Jam,Eggs,Bananas,Cheese,Juice,,,,,
786,Bananas,Chicken,Jam,Apples,,,,,,,
787,Apples,Bread,Bananas,,,,,,,,
788,Eggs,Cheese,Apples,Bananas,Bread,,,,,,
789,Chicken,Cheese,Bread,Bananas,Butter,Apples,Milk,Eggs,Jam,Juice,
790,Apples,Chicken,Butter,Bread,,,,,,,
791,Eggs,,,,,,,,,,
792,Chicken,Juice,Eggs,,,,,,,,
793,Bread,Juice,Apples,Cheese,Butter,Milk,Chicken,,,,
794,Bananas,Chicken,Eggs,Bread,Jam,Juice,Cheese,Butter,,,
795,Chicken,Milk,Cheese,Butter,Juice,Jam,Bread,Apples,Bananas,Eggs,
796,Bread,Cheese,Chicken,Milk,Juice,Apples,Butter,Bananas,Eggs,Jam,
797,Milk,Bread,Juice,Apples,Chicken,Butter,Bananas,Eggs,,,
798,Bread,,,,,,,,,,
799,Cheese,Apples,Jam,Bread,,,,,,,
800,Juice,Bananas,Apples,Butter,Milk,Chicken,Bread,,,,
801,Eggs,Juice,Cheese,,,,,,,,
802,Apples,Milk,,,,,,,,,
803,Cheese,Apples,Eggs,Jam,Milk,Juice,Butter,Bananas,Bread,Chicken,
804,Milk,Butter,Juice,Chicken,Jam,Eggs,Bread,Apples,Bananas,Cheese,
805,Juice,,,,,,,,,,
806,Apples,Milk,Cheese,Bread,Chicken,,,,,,
807,Apples,Jam,Milk,Bread,Eggs,Chicken,Bananas,,,,
808,Bananas,Chicken,Jam,Bread,Cheese,Juice,Milk,Apples,Butter,Eggs,
809,Milk,Butter,Chicken,,,,,,,,
810,Bananas,Bread,Apples,Cheese,Chicken,Juice,Eggs,,,,
811,Juice,Bananas,,,,,,,,,
812,Bananas,Eggs,Cheese,Chicken,,,,,,,
813,Eggs,Jam,Butter,Cheese,Milk,Chicken,,,,,
814,Bananas,Cheese,Juice,Chicken,Eggs,,,,,,
815,Apples,Jam,Eggs,Juice,Bread,,,,,,
816,Chicken,Juice,Bananas,Cheese,,,,,,,
817,Cheese,Jam,Bread,Milk,Juice,Bananas,Eggs,Butter,,,
818,Butter,Juice,Eggs,Bread,Milk,Apples,Jam,,,,
819,Apples,Juice,Chicken,Bananas,Eggs,Cheese,Milk,Butter,,,
820,Juice,,,,,,,,,,
821,Milk,Eggs,Juice,Butter,Apples,Bananas,Chicken,Jam,Bread,,
822,Eggs,,,,,,,,,,
823,Juice,Bananas,Apples,Cheese,Milk,Bread,Eggs,Butter,,,
824,Eggs,,,,,,,,,,
825,Bread,Jam,Eggs,Apples,Butter,,,,,,
826,Cheese,Butter,Juice,Bananas,,,,,,,
827,Butter,Bread,Jam,Chicken,Bananas,Cheese,Juice,Milk,Apples,Eggs,
828,Juice,Milk,Chicken,Jam,,,,,,,
829,Jam,Milk,Bananas,Cheese,Butter,,,,,,
830,Cheese,Jam,Bananas,Apples,Eggs,Juice,Milk,Chicken,,,
831,Juice,Milk,Butter,Bread,Eggs,Bananas,Cheese,Apples,Chicken,Jam,
832,Milk,Butter,Cheese,Chicken,Apples,Bread,Juice,Bananas,Eggs,Jam,
833,Eggs,Milk,Bread,Cheese,Jam,Chicken,Juice,Apples,,,
834,Milk,Chicken,Juice,Butter,,,,,,,
835,Bread,,,,,,,,,,
836,Bananas,Apples,Butter,Juice,Cheese,Eggs,Jam,Bread,,,
837,Juice,Eggs,Bananas,Apples,Bread,,,,,,
838,Bananas,Juice,Eggs,Milk,Cheese,Chicken,Butter,Jam,Bread,,
839,Cheese,Butter,Milk,Apples,Eggs,Bread,Chicken,Juice,Jam,Bananas,
840,Jam,Milk,Cheese,Bananas,Apples,,,,,,
841,Juice,Eggs,,,,,,,,,
842,Milk,Jam,Butter,Eggs,Juice,Apples,Bananas,Cheese,Chicken,,
843,Bananas,Chicken,Juice,Apples,Butter,Eggs,,,,,
844,Apples,Chicken,Jam,Milk,Cheese,,,,,,
845,Juice,,,,,,,,,,
846,Cheese,Bananas,Juice,Apples,Butter,Milk,Chicken,Jam,Eggs,Bread,
847,Juice,Jam,Cheese,Bananas,Butter,Eggs,,,,,
848,Juice,Bread,Bananas,Jam,Butter,Eggs,Cheese,Apples,Chicken,,
849,Apples,Eggs,Juice,Jam,Milk,Bread,Cheese,Butter,Bananas,,
850,Juice,Butter,Cheese,Milk,Apples,Bread,,,,,
851,Cheese,Butter,Bananas,Apples,Milk,Bread,Chicken,Jam,Eggs,,
852,Chicken,Milk,Eggs,Jam,Apples,Bananas,Cheese,Butter,Bread,,
853,Bananas,Butter,Cheese,Chicken,Milk,Bread,Juice,Eggs,Apples,,
854,Butter,Apples,,,,,,,,,
855,Butter,Chicken,Eggs,Jam,Apples,Bread,,,,,
856,Eggs,Bananas,Juice,Bread,Milk,Cheese,,,,,
857,Bread,Cheese,Juice,Apples,Bananas,Jam,Butter,Milk,,,
858,Juice,Apples,Cheese,Butter,Jam,Chicken,Milk,Eggs,,,
859,Juice,Milk,Bananas,Bread,Cheese,Jam,Apples,Butter,Chicken,Eggs,
860,Milk,Jam,Chicken,Eggs,Cheese,Juice,Apples,Bread,Butter,,
861,Bread,Apples,Eggs,Chicken,Cheese,Juice,Butter,Bananas,Milk,,
862,Jam,Apples,Juice,Chicken,Bread,Eggs,Butter,Milk,Bananas,,
863,Butter,,,,,,,,,,
864,Eggs,Jam,Apples,Butter,,,,,,,
865,Bananas,Apples,Butter,Juice,Chicken,Milk,,,,,
866,Eggs,Butter,Apples,Chicken,Bananas,Milk,Cheese,Bread,,,
867,Cheese,Apples,Eggs,Chicken,Juice,Jam,Bananas,Milk,Butter,Bread,
868,Butter,Chicken,Juice,Milk,,,,,,,
869,Apples,Bananas,Butter,Bread,Milk,,,,,,
870,Bread,Milk,Cheese,Chicken,Jam,,,,,,
871,Apples,Chicken,Butter,Bananas,Cheese,Bread,Eggs,Jam,Juice,Milk,
872,Eggs,Chicken,Bananas,Jam,Butter,,,,,,
873,Butter,Bread,Eggs,Jam,,,,,,,
874,Chicken,Apples,Butter,Cheese,Milk,Bananas,,,,,
875,Chicken,Milk,Butter,Jam,Bananas,Juice,Bread,Eggs,Apples,Cheese,
876,Chicken,Bread,,,,,,,,,
877,Bread,,,,,,,,,,
878,Cheese,Butter,,,,,,,,,
879,Apples,Cheese,Jam,Bananas,Milk,,,,,,
880,Milk,Eggs,Juice,Butter,Bananas,,,,,,
881,Apples,Chicken,Bananas,Eggs,,,,,,,
882,Chicken,Jam,Butter,Juice,Bananas,Apples,Cheese,,,,
883,Jam,Butter,Eggs,Bananas,Cheese,,,,,,
884,Eggs,Jam,Bananas,Apples,,,,,,,
885,Jam,Cheese,Butter,Bread,Chicken,Juice,Milk,Apples,,,
886,Eggs,Juice,Bread,Chicken,Cheese,Milk,Butter,,,,
887,Jam,Eggs,Milk,Bread,Butter,Bananas,,,,,
888,Juice,Butter,Chicken,Bananas,Milk,Bread,Jam,Apples,,,
889,Chicken,Bread,Butter,Eggs,Bananas,Juice,Jam,,,,
890,Bananas,Bread,Eggs,Butter,Cheese,Jam,Juice,Apples,,,
891,Juice,Bananas,Cheese,Chicken,Bread,,,,,,
892,Juice,Butter,Apples,Bananas,Milk,Bread,,,,,
893,Eggs,Chicken,Cheese,Bread,,,,,,,
894,Juice,,,,,,,,,,
895,Butter,Bread,Eggs,Jam,,,,,,,
896,Cheese,Eggs,Juice,Bread,Butter,Apples,Jam,Milk,Bananas,Chicken,
897,Milk,Juice,Bananas,Cheese,Apples,Chicken,Jam,Bread,,,
898,Bread,Cheese,Butter,Milk,Eggs,Chicken,Bananas,Juice,,,
899,Chicken,Apples,,,,,,,,,
900,Jam,Cheese,Juice,Eggs,Apples,,,,,,
901,Butter,Bananas,Milk,Apples,Jam,Cheese,Eggs,,,,
902,Bread,Butter,Bananas,Apples,,,,,,,
903,Apples,Chicken,Butter,Cheese,Eggs,Bread,,,,,
904,Cheese,Eggs,,,,,,,,,
905,Bread,Jam,Butter,Apples,Bananas,Eggs,,,,,
906,Bananas,Jam,Eggs,Cheese,Butter,Apples,,,,,
907,Eggs,Juice,Butter,Chicken,Bread,Apples,Bananas,Cheese,Jam,Milk,
908,Chicken,Bread,Butter,Apples,Milk,,,,,,
909,Jam,Bread,,,,,,,,,
910,Juice,Milk,Butter,Jam,Chicken,Bananas,Eggs,Bread,Apples,Cheese,
911,Milk,Chicken,Butter,,,,,,,,
912,Butter,Jam,Eggs,Chicken,Bananas,Milk,Apples,Bread,Cheese,,
913,Butter,Eggs,Apples,,,,,,,,
914,Bread,Bananas,Milk,Eggs,Butter,Chicken,Juice,Jam,Apples,,
915,Chicken,Cheese,Apples,,,,,,,,
916,Bananas,Bread,Eggs,Jam,Cheese,Juice,,,,,
917,Cheese,Bread,Butter,Eggs,Chicken,Juice,Milk,Apples,Bananas,,
918,Bananas,,,,,,,,,,
919,Cheese,Butter,Milk,Jam,Chicken,Apples,Bread,Juice,Bananas,Eggs,
920,Bananas,Eggs,Cheese,Milk,Juice,Jam,Bread,Chicken,Butter,Apples,
921,Jam,Juice,Apples,Bread,Milk,,,,,,
922,Bananas,Apples,Milk,Jam,Bread,Butter,,,,,
923,Eggs,Bananas,Juice,Bread,Butter,,,,,,
924,Bananas,Cheese,Juice,Eggs,Bread,Milk,Jam,Apples,,,
925,Cheese,Eggs,Bread,Chicken,Bananas,Juice,Milk,Butter,Apples,Jam,
926,Milk,Bananas,Butter,Apples,Eggs,,,,,,
927,Cheese,Butter,Chicken,Eggs,Bananas,Juice,Milk,Bread,Jam,Apples,
928,Butter,Bananas,Apples,Eggs,Bread,Juice,Milk,,,,
929,Cheese,Milk,Juice,Apples,Jam,,,,,,
930,Juice,Jam,Apples,Chicken,Milk,Bread,,,,,
931,Chicken,Milk,Bread,Jam,Butter,Juice,Eggs,Apples,Bananas,Cheese,
932,Milk,,,,,,,,,,
933,Cheese,Bananas,Chicken,Bread,Butter,Eggs,Jam,Milk,Juice,Apples,
934,Butter,Chicken,Apples,Bread,Jam,Cheese,Bananas,Eggs,Milk,Juice,
935,Juice,Chicken,Bananas,Apples,Bread,Butter,Cheese,Jam,Milk,,
936,Bananas,Jam,Bread,,,,,,,,
937,Eggs,Milk,Cheese,Chicken,,,,,,,
938,Chicken,Eggs,Cheese,Bread,Apples,Milk,Butter,Bananas,Jam,Juice,
939,Bananas,Milk,Cheese,Jam,Butter,Chicken,,,,,
940,Bread,Butter,Chicken,Juice,Jam,Apples,Eggs,,,,
941,Eggs,Milk,,,,,,,,,
942,Eggs,Cheese,,,,,,,,,
943,Bread,Apples,Milk,Chicken,Cheese,Juice,,,,,
944,Chicken,Juice,Butter,Bananas,Milk,Bread,Apples,Eggs,Jam,Cheese,
945,Milk,Bread,Chicken,Juice,Eggs,Jam,Bananas,Butter,,,
946,Bread,Jam,Eggs,Chicken,Butter,Apples,Bananas,Milk,Juice,Cheese,
947,Jam,,,,,,,,,,
948,Cheese,Juice,Bread,Milk,Butter,Eggs,Bananas,Chicken,,,
949,Jam,Juice,Bread,Milk,Apples,Chicken,Eggs,Bananas,,,
950,Bread,,,,,,,,,,
951,Bananas,Milk,Chicken,Bread,Cheese,Apples,Butter,Eggs,Jam,,
952,Jam,Bananas,Cheese,Apples,Eggs,,,,,,
953,Cheese,Chicken,Apples,Eggs,Juice,Jam,Butter,Bananas,Milk,,
954,Butter,Juice,Eggs,Cheese,Chicken,Milk,,,,,
955,Bananas,Jam,Apples,Juice,Milk,Butter,Eggs,Bread,Cheese,Chicken,
956,Bread,Eggs,Milk,,,,,,,,
957,Apples,Juice,Cheese,Bread,Chicken,Bananas,Milk,Jam,Butter,Eggs,
958,Bananas,Butter,,,,,,,,,
959,Juice,Butter,Bread,Bananas,Eggs,Cheese,Milk,Chicken,Apples,Jam,
960,Eggs,Bananas,Jam,Butter,Chicken,Milk,Apples,Bread,Cheese,Juice,
961,Bread,,,,,,,,,,
962,Butter,Juice,Apples,Chicken,Bread,Jam,,,,,
963,Bread,Cheese,Bananas,Apples,Chicken,Butter,,,,,
964,Bananas,Bread,Chicken,Apples,,,,,,,
965,Chicken,Jam,Juice,Bread,Cheese,Eggs,Butter,Apples,Milk,,
966,Apples,Eggs,Chicken,Bread,Butter,Cheese,Jam,Juice,Bananas,Milk,
967,Bread,Apples,,,,,,,,,
968,Apples,Bread,Cheese,Milk,Juice,Jam,Eggs,Bananas,Butter,,
969,Apples,Butter,Juice,Eggs,Chicken,Cheese,Milk,Bread,Bananas,Jam,
970,Eggs,Cheese,Chicken,Jam,,,,,,,
971,Jam,Bananas,Chicken,Apples,Bread,Butter,Eggs,Juice,Cheese,Milk,
972,Eggs,Jam,Chicken,Cheese,Milk,,,,,,
973,Apples,Bread,Juice,Butter,,,,,,,
974,Milk,Bread,Chicken,Jam,Apples,Butter,Eggs,Juice,Bananas,Cheese,
975,Bananas,,,,,,,,,,
976,Butter,Milk,Eggs,Chicken,Juice,Bread,,,,,
977,Milk,Bread,Eggs,Cheese,Apples,Butter,,,,,
978,Apples,Butter,Chicken,Bread,Juice,Jam,Cheese,,,,
979,Apples,Chicken,Butter,,,,,,,,
980,Milk,Jam,Bread,Chicken,Bananas,,,,,,
981,Apples,Bread,Chicken,,,,,,,,
982,Bananas,Chicken,,,,,,,,,
983,Chicken,Apples,Jam,Eggs,Bread,Milk,Butter,Cheese,,,
984,Eggs,,,,,,,,,,
985,Milk,Chicken,Butter,Cheese,Bananas,Juice,Apples,,,,
986,Juice,Milk,Butter,Apples,Jam,Bread,Bananas,,,,
987,Eggs,,,,,,,,,,
988,Apples,Cheese,Chicken,Juice,Milk,Bread,Butter,Jam,Bananas,,
989,Butter,Juice,Bananas,Chicken,Cheese,Apples,Bread,Eggs,Jam,,
990,Milk,Jam,Cheese,Apples,Juice,Bread,Eggs,Bananas,,,
991,Bananas,Chicken,Cheese,Butter,Eggs,Milk,Juice,Apples,Bread,Jam,
992,Eggs,Jam,Milk,Bananas,Cheese,Butter,Juice,,,,
993,Bread,Butter,Eggs,Juice,Jam,Bananas,Milk,Apples,Chicken,Cheese,
994,Juice,Eggs,Chicken,Cheese,Milk,Apples,,,,,
995,Juice,Apples,Milk,Bread,Eggs,Chicken,Butter,Cheese,Jam,Bananas,
996,Apples,Bread,Juice,Bananas,Eggs,Milk,Chicken,Butter,,,
997,Bananas,Chicken,Apples,Butter,Juice,Cheese,Eggs,Milk,Bread,Jam,
998,Bread,Apples,Milk,Juice,Cheese,Jam,Bananas,Chicken,,,
999,Jam,Milk,Eggs,Apples,Chicken,Cheese,Juice,Butter,,,
1000,Cheese,Juice,Jam,Milk,Bread,Chicken,Butter,Eggs,Apples,Bananas,
